INSERT INTO `wp_ptest_main` (`ID`, `name`, `description`, `final_screen`, `added_on`) VALUES
(1, 'MBTI', 'This personality test is based on MBTI model.', '<p>Congratulations - you have completed %%TEST_NAME%%.</p>\r\n\r\n<p>Personality profile: %%PROFILE_CODE%%</p>', '2011-04-17 22:55:47');

INSERT INTO `wp_ptest_dimension` (`ID`, `test_id`, `pdimension`, `explanation`, `ndimension`) VALUES
(51, 1, 'E', '', 'I'),
(52, 1, 'I', '', 'E'),
(53, 1, 'S', '', 'N'),
(54, 1, 'N', '', 'S'),
(55, 1, 'T', '', 'F'),
(56, 1, 'F', '', 'T'),
(57, 1, 'J', '', 'P'),
(58, 1, 'P', '', 'J');

INSERT INTO `wp_ptest_question` (`ID`, `test_id`, `question`, `sort_order`, `explanation`) VALUES
(1, 1, 'When you go somewhere for the day, would you rather', 0, ''),
(2, 1, 'Do you consider yourself to be\r\n', 0, ''),
(3, 1, 'If you were a teacher, would you rather teach', 0, ''),
(4, 1, 'Are you usually\r\n', 0, ''),
(5, 1, 'Do you usually get along better with', 0, ''),
(6, 1, 'Do you more often let', 0, ''),
(7, 1, 'Do you prefer to do many things', 0, ''),
(12, 1, 'In most instances, do you prefer to', 0, ''),
(13, 1, 'Would most people say you are', 0, ''),
(14, 1, 'Would you rather be considered', 0, ''),
(15, 1, 'In a large group do you more often', 0, ''),
(16, 1, 'Would you rather have as a friend someone who', 0, ''),
(17, 1, 'Are you inclined to', 0, ''),
(18, 1, 'Do you prefer to', 0, ''),
(19, 1, 'Do you tend to spend a lot of time', 0, ''),
(20, 1, 'Do you find being around a lot of people', 0, ''),
(22, 1, 'In planning a trip would you prefer to', 0, ''),
(23, 1, 'At parties, do you', 0, ''),
(24, 1, 'Do you usually', 0, ''),
(25, 1, 'Are you usually more attracted to', 0, ''),
(26, 1, 'In doing something that many other people do, does it appeal to you more to', 0, ''),
(27, 1, 'Is it a higher compliment to be called', 0, ''),
(28, 1, 'Which is a higher compliment, to be called', 0, ''),
(29, 1, 'Would you rather', 0, ''),
(30, 1, 'In reading for pleasure, do you', 0, '');



INSERT INTO `wp_ptest_answer` (`ID`, `question_id`, `answer`, `dimension`, `sort_order`) VALUES
(14, 1, 'plan what you will do and when, or', 'J', 1),
(15, 1, 'just go?', 'P', 2),
(16, 2, 'more of a spontaneous person, or', 'P', 1),
(17, 2, 'more of an organized person?\r\n', 'J', 2),
(20, 3, 'fact courses, or\r\n', 'S', 1),
(21, 3, 'courses involving theory?', 'N', 2),
(22, 4, 'a \\"good mixer,\\" or\r\n', 'E', 1),
(23, 4, 'rather quiet and reserved?', 'I', 2),
(24, 5, 'imaginative people, or', 'N', 1),
(25, 5, 'realistic people?', 'S', 2),
(26, 6, 'your heart rule your head, or', 'F', 1),
(27, 6, 'your head rule your heart?', 'T', 2),
(28, 7, 'on the spur of the moment, or', 'J', 1),
(29, 7, 'according to your own plans?', 'P', 2),
(43, 13, 'a private person, or', 'I', 1),
(44, 13, 'a very open person?', 'E', 2),
(45, 14, 'a practical person, or', 'S', 1),
(46, 14, 'an ingenious person?', 'N', 2),
(47, 15, 'introduce others, or', 'E', 1),
(48, 15, 'get introduced?', 'I', 2),
(49, 16, ' is always coming up with new ideas, or', 'N', 1),
(50, 16, ' has both feet on the ground?', 'S', 2),
(51, 17, ' value sentiment more than logic, or', 'F', 1),
(52, 17, ' value logic more than sentiment?', 'T', 2),
(53, 18, 'wait and see what happens and then make plans, or', 'P', 1),
(54, 18, 'plan things far in advance?', 'J', 2),
(55, 19, ' by yourself, or', 'I', 1),
(56, 19, ' with others?', 'E', 2),
(57, 20, ' gives you more energy, or', 'E', 1),
(58, 20, ' is often \\"draining\\"?', 'I', 2),
(61, 22, ' most of the time do whatever you feel like that day, or', 'P', 1),
(62, 22, ' know ahead of time what you\\''ll be doing most days?', 'J', 2),
(63, 23, ' sometimes get bored, or', 'I', 1),
(64, 23, ' always have fun?', 'E', 2),
(65, 24, ' mingle well with others, or', 'E', 1),
(66, 24, ' tend to keep more to yourself?', 'I', 2),
(67, 25, ' a person with a quick and brilliant mind, or', 'N', 1),
(68, 25, ' a practical person with a lot of common sense?', 'S', 2),
(69, 26, ' do it in the accepted way, or', 'S', 1),
(70, 26, ' invent a way of your own?', 'N', 2),
(71, 27, ' a person of real feeling, or', 'F', 1),
(72, 27, ' a consistently reasonable person?', 'T', 2),
(73, 28, ' competent, or', 'T', 1),
(74, 28, ' compassionate?', 'F', 2),
(75, 29, ' support the established method of doing good, or', 'S', 1),
(76, 29, ' analyze what is still wrong and attack unsolved problems?', 'N', 2),
(77, 30, ' enjoy odd or original ways of saying things, or', 'N', 1),
(78, 30, ' like writers to say exactly what they mean?', 'S', 2),
(83, 12, 'go with the flow, or', 'J', 1),
(84, 12, 'follow a schedule?', 'P', 2);



